"email","first_name","last_name","address1","city","state","zip","comment","timestamp"
"example@example.com","Joe","Smith","66 Oak Road","Beverly Hills","CA",90210,"This is my comment",6/4/2014 12:55
"example@example.com","Joe","Smith","66 Oak Road","Beverly Hills","CA",90210,"This is my comment",6/4/2014 12:55
"example@example.com","Joe","Smith","66 Oak Road","Beverly Hills","CA",90210,"This is my comment",6/4/2014 12:55
"example@example.com","Joe","Smith","66 Oak Road","Beverly Hills","CA",90210,"This is my comment",6/4/2014 12:55
"example@example.com","Joe","Smith","66 Oak Road","Beverly Hills","CA",90210,"This is my comment",6/4/2014 12:55
"example@example.com","Joe","Smith","66 Oak Road","Beverly Hills","CA",90210,"This is my comment",6/4/2014 12:55
"example@example.com","Joe","Smith","66 Oak Road","Beverly Hills","CA",90210,"This is my comment",6/4/2014 12:55
"example@example.com","Joe","Smith","66 Oak Road","Beverly Hills","CA",90210,"This is my comment",6/4/2014 12:55
"example@example.com","Joe","Smith","66 Oak Road","Beverly Hills","CA",90210,"This is my comment",6/4/2014 12:55
"example@example.com","Joe","Smith","66 Oak Road","Beverly Hills","CA",90210,"This is my comment",6/4/2014 12:55
"example@example.com","Joe","Smith","66 Oak Road","Beverly Hills","CA",90210,"This is my comment",6/4/2014 12:55
"example@example.com","Joe","Smith","66 Oak Road","Beverly Hills","CA",90210,"This is my comment",6/4/2014 12:55
"example@example.com","Joe","Smith","66 Oak Road","Beverly Hills","CA",90210,"This is my comment",6/4/2014 12:55
"example@example.com","Joe","Smith","66 Oak Road","Beverly Hills","CA",90210,"This is my comment",6/4/2014 12:55
"example@example.com","Joe","Smith","66 Oak Road","Beverly Hills","CA",90210,"This is my comment",6/4/2014 12:55
"example@example.com","Joe","Smith","66 Oak Road","Beverly Hills","CA",90210,"This is my comment",6/4/2014 12:55
"example@example.com","Joe","Smith","66 Oak Road","Beverly Hills","CA",90210,"This is my comment",6/4/2014 12:55
"example@example.com","Joe","Smith","66 Oak Road","Beverly Hills","CA",90210,"This is my comment",6/4/2014 12:55
"example@example.com","Joe","Smith","66 Oak Road","Beverly Hills","CA",90210,"This is my comment",6/4/2014 12:55
"example@example.com","Joe","Smith","66 Oak Road","Beverly Hills","CA",90210,"This is my comment",6/4/2014 12:55
"example@example.com","Joe","Smith","66 Oak Road","Beverly Hills","CA",90210,"This is my comment",6/4/2014 12:55
"example@example.com","Joe","Smith","66 Oak Road","Beverly Hills","CA",90210,"This is my comment",6/4/2014 12:55
"example@example.com","Joe","Smith","66 Oak Road","Beverly Hills","CA",90210,"This is my comment",6/4/2014 12:55
"example@example.com","Joe","Smith","66 Oak Road","Beverly Hills","CA",90210,"This is my comment",6/4/2014 12:55
"example@example.com","Joe","Smith","66 Oak Road","Beverly Hills","CA",90210,"This is my comment",6/4/2014 12:55
"example@example.com","Joe","Smith","66 Oak Road","Beverly Hills","CA",90210,"This is my comment",6/4/2014 12:55
"example@example.com","Joe","Smith","66 Oak Road","Beverly Hills","CA",90210,"This is my comment",6/4/2014 12:55
"example@example.com","Joe","Smith","66 Oak Road","Beverly Hills","CA",90210,"This is my comment",6/4/2014 12:55
"example@example.com","Joe","Smith","66 Oak Road","Beverly Hills","CA",90210,"This is my comment",6/4/2014 12:55
"example@example.com","Joe","Smith","66 Oak Road","Beverly Hills","CA",90210,"This is my comment",6/4/2014 12:55
"example@example.com","Joe","Smith","66 Oak Road","Beverly Hills","CA",90210,"This is my comment",6/4/2014 12:55
"example@example.com","Joe","Smith","66 Oak Road","Beverly Hills","CA",90210,"This is my comment",6/4/2014 12:55
"example@example.com","Joe","Smith","66 Oak Road","Beverly Hills","CA",90210,"This is my comment",6/4/2014 12:55
"example@example.com","Joe","Smith","66 Oak Road","Beverly Hills","CA",90210,"This is my comment",6/4/2014 12:55
"example@example.com","Joe","Smith","66 Oak Road","Beverly Hills","CA",90210,"This is my comment",6/4/2014 12:55
"example@example.com","Joe","Smith","66 Oak Road","Beverly Hills","CA",90210,"This is my comment",6/4/2014 12:55
"example@example.com","Joe","Smith","66 Oak Road","Beverly Hills","CA",90210,"This is my comment",6/4/2014 12:55
"example@example.com","Joe","Smith","66 Oak Road","Beverly Hills","CA",90210,"This is my comment",6/4/2014 12:55
"example@example.com","Joe","Smith","66 Oak Road","Beverly Hills","CA",90210,"This is my comment",6/4/2014 12:55
"example@example.com","Joe","Smith","66 Oak Road","Beverly Hills","CA",90210,"This is my comment",6/4/2014 12:55
"example@example.com","Joe","Smith","66 Oak Road","Beverly Hills","CA",90210,"This is my comment",6/4/2014 12:55
"example@example.com","Joe","Smith","66 Oak Road","Beverly Hills","CA",90210,"This is my comment",6/4/2014 12:55
"example@example.com","Joe","Smith","66 Oak Road","Beverly Hills","CA",90210,"This is my comment",6/4/2014 12:55
"example@example.com","Joe","Smith","66 Oak Road","Beverly Hills","CA",90210,"This is my comment",6/4/2014 12:55
"example@example.com","Joe","Smith","66 Oak Road","Beverly Hills","CA",90210,"This is my comment",6/4/2014 12:55
"example@example.com","Joe","Smith","66 Oak Road","Beverly Hills","CA",90210,"This is my comment",6/4/2014 12:55
"example@example.com","Joe","Smith","66 Oak Road","Beverly Hills","CA",90210,"This is my comment",6/4/2014 12:55
"example@example.com","Joe","Smith","66 Oak Road","Beverly Hills","CA",90210,"This is my comment",6/4/2014 12:55
"example@example.com","Joe","Smith","66 Oak Road","Beverly Hills","CA",90210,"This is my comment",6/4/2014 12:55
"example@example.com","Joe","Smith","66 Oak Road","Beverly Hills","CA",90210,"This is my comment",6/4/2014 12:55
"example@example.com","Joe","Smith","66 Oak Road","Beverly Hills","CA",90210,"This is my comment",6/4/2014 12:55
"example@example.com","Joe","Smith","66 Oak Road","Beverly Hills","CA",90210,"This is my comment",6/4/2014 12:55
"example@example.com","Joe","Smith","66 Oak Road","Beverly Hills","CA",90210,"This is my comment",6/4/2014 12:55
"example@example.com","Joe","Smith","66 Oak Road","Beverly Hills","CA",90210,"This is my comment",6/4/2014 12:55
"example@example.com","Joe","Smith","66 Oak Road","Beverly Hills","CA",90210,"This is my comment",6/4/2014 12:55
"example@example.com","Joe","Smith","66 Oak Road","Beverly Hills","CA",90210,"This is my comment",6/4/2014 12:55
"example@example.com","Joe","Smith","66 Oak Road","Beverly Hills","CA",90210,"This is my comment",6/4/2014 12:55
"example@example.com","Joe","Smith","66 Oak Road","Beverly Hills","CA",90210,"This is my comment",6/4/2014 12:55
"example@example.com","Joe","Smith","66 Oak Road","Beverly Hills","CA",90210,"This is my comment",6/4/2014 12:55
"example@example.com","Joe","Smith","66 Oak Road","Beverly Hills","CA",90210,"This is my comment",6/4/2014 12:55
"example@example.com","Joe","Smith","66 Oak Road","Beverly Hills","CA",90210,"This is my comment",6/4/2014 12:55
"example@example.com","Joe","Smith","66 Oak Road","Beverly Hills","CA",90210,"This is my comment",6/4/2014 12:55
"example@example.com","Joe","Smith","66 Oak Road","Beverly Hills","CA",90210,"This is my comment",6/4/2014 12:55
"example@example.com","Joe","Smith","66 Oak Road","Beverly Hills","CA",90210,"This is my comment",6/4/2014 12:55
"example@example.com","Joe","Smith","66 Oak Road","Beverly Hills","CA",90210,"This is my comment",6/4/2014 12:55
"example@example.com","Joe","Smith","66 Oak Road","Beverly Hills","CA",90210,"This is my comment",6/4/2014 12:55
"example@example.com","Joe","Smith","66 Oak Road","Beverly Hills","CA",90210,"This is my comment",6/4/2014 12:55
"example@example.com","Joe","Smith","66 Oak Road","Beverly Hills","CA",90210,"This is my comment",6/4/2014 12:55
"example@example.com","Joe","Smith","66 Oak Road","Beverly Hills","CA",90210,"This is my comment",6/4/2014 12:55
"example@example.com","Joe","Smith","66 Oak Road","Beverly Hills","CA",90210,"This is my comment",6/4/2014 12:55
"example@example.com","Joe","Smith","66 Oak Road","Beverly Hills","CA",90210,"This is my comment",6/4/2014 12:55
"example@example.com","Joe","Smith","66 Oak Road","Beverly Hills","CA",90210,"This is my comment",6/4/2014 12:55
"example@example.com","Joe","Smith","66 Oak Road","Beverly Hills","CA",90210,"This is my comment",6/4/2014 12:55
"example@example.com","Joe","Smith","66 Oak Road","Beverly Hills","CA",90210,"This is my comment",6/4/2014 12:55
"example@example.com","Joe","Smith","66 Oak Road","Beverly Hills","CA",90210,"This is my comment",6/4/2014 12:55
"example@example.com","Joe","Smith","66 Oak Road","Beverly Hills","CA",90210,"This is my comment",6/4/2014 12:55
"example@example.com","Joe","Smith","66 Oak Road","Beverly Hills","CA",90210,"This is my comment",6/4/2014 12:55
"example@example.com","Joe","Smith","66 Oak Road","Beverly Hills","CA",90210,"This is my comment",6/4/2014 12:55
"example@example.com","Joe","Smith","66 Oak Road","Beverly Hills","CA",90210,"This is my comment",6/4/2014 12:55
"example@example.com","Joe","Smith","66 Oak Road","Beverly Hills","CA",90210,"This is my comment",6/4/2014 12:55
"example@example.com","Joe","Smith","66 Oak Road","Beverly Hills","CA",90210,"This is my comment",6/4/2014 12:55
"example@example.com","Joe","Smith","66 Oak Road","Beverly Hills","CA",90210,"This is my comment",6/4/2014 12:55
"example@example.com","Joe","Smith","66 Oak Road","Beverly Hills","CA",90210,"This is my comment",6/4/2014 12:55
"example@example.com","Joe","Smith","66 Oak Road","Beverly Hills","CA",90210,"This is my comment",6/4/2014 12:55
"example@example.com","Joe","Smith","66 Oak Road","Beverly Hills","CA",90210,"This is my comment",6/4/2014 12:55
"example@example.com","Joe","Smith","66 Oak Road","Beverly Hills","CA",90210,"This is my comment",6/4/2014 12:55
"example@example.com","Joe","Smith","66 Oak Road","Beverly Hills","CA",90210,"This is my comment",6/4/2014 12:55
"example@example.com","Joe","Smith","66 Oak Road","Beverly Hills","CA",90210,"This is my comment",6/4/2014 12:55
"example@example.com","Joe","Smith","66 Oak Road","Beverly Hills","CA",90210,"This is my comment",6/4/2014 12:55
"example@example.com","Joe","Smith","66 Oak Road","Beverly Hills","CA",90210,"This is my comment",6/4/2014 12:55
"example@example.com","Joe","Smith","66 Oak Road","Beverly Hills","CA",90210,"This is my comment",6/4/2014 12:55
"example@example.com","Joe","Smith","66 Oak Road","Beverly Hills","CA",90210,"This is my comment",6/4/2014 12:55
"example@example.com","Joe","Smith","66 Oak Road","Beverly Hills","CA",90210,"This is my comment",6/4/2014 12:55
"example@example.com","Joe","Smith","66 Oak Road","Beverly Hills","CA",90210,"This is my comment",6/4/2014 12:55
"example@example.com","Joe","Smith","66 Oak Road","Beverly Hills","CA",90210,"This is my comment",6/4/2014 12:55
"example@example.com","Joe","Smith","66 Oak Road","Beverly Hills","CA",90210,"This is my comment",6/4/2014 12:55
"example@example.com","Joe","Smith","66 Oak Road","Beverly Hills","CA",90210,"This is my comment",6/4/2014 12:55
"example@example.com","Joe","Smith","66 Oak Road","Beverly Hills","CA",90210,"This is my comment",6/4/2014 12:55
"example@example.com","Joe","Smith","66 Oak Road","Beverly Hills","CA",90210,"This is my comment",6/4/2014 12:55
"example@example.com","Joe","Smith","66 Oak Road","Beverly Hills","CA",90210,"This is my comment",6/4/2014 12:55
"example@example.com","Joe","Smith","66 Oak Road","Beverly Hills","CA",90210,"This is my comment",6/4/2014 12:55
"example@example.com","Joe","Smith","66 Oak Road","Beverly Hills","CA",90210,"This is my comment",6/4/2014 12:55
"example@example.com","Joe","Smith","66 Oak Road","Beverly Hills","CA",90210,"This is my comment",6/4/2014 12:55
"example@example.com","Joe","Smith","66 Oak Road","Beverly Hills","CA",90210,"This is my comment",6/4/2014 12:55
"example@example.com","Joe","Smith","66 Oak Road","Beverly Hills","CA",90210,"This is my comment",6/4/2014 12:55
"example@example.com","Joe","Smith","66 Oak Road","Beverly Hills","CA",90210,"This is my comment",6/4/2014 12:55
"example@example.com","Joe","Smith","66 Oak Road","Beverly Hills","CA",90210,"This is my comment",6/4/2014 12:55
"example@example.com","Joe","Smith","66 Oak Road","Beverly Hills","CA",90210,"This is my comment",6/4/2014 12:55
"example@example.com","Joe","Smith","66 Oak Road","Beverly Hills","CA",90210,"This is my comment",6/4/2014 12:55
"example@example.com","Joe","Smith","66 Oak Road","Beverly Hills","CA",90210,"This is my comment",6/4/2014 12:55
"example@example.com","Joe","Smith","66 Oak Road","Beverly Hills","CA",90210,"This is my comment",6/4/2014 12:55
"example@example.com","Joe","Smith","66 Oak Road","Beverly Hills","CA",90210,"This is my comment",6/4/2014 12:55
"example@example.com","Joe","Smith","66 Oak Road","Beverly Hills","CA",90210,"This is my comment",6/4/2014 12:55
"example@example.com","Joe","Smith","66 Oak Road","Beverly Hills","CA",90210,"This is my comment",6/4/2014 12:55
"example@example.com","Joe","Smith","66 Oak Road","Beverly Hills","CA",90210,"This is my comment",6/4/2014 12:55
"example@example.com","Joe","Smith","66 Oak Road","Beverly Hills","CA",90210,"This is my comment",6/4/2014 12:55
"example@example.com","Joe","Smith","66 Oak Road","Beverly Hills","CA",90210,"This is my comment",6/4/2014 12:55
"example@example.com","Joe","Smith","66 Oak Road","Beverly Hills","CA",90210,"This is my comment",6/4/2014 12:55
"example@example.com","Joe","Smith","66 Oak Road","Beverly Hills","CA",90210,"This is my comment",6/4/2014 12:55
"example@example.com","Joe","Smith","66 Oak Road","Beverly Hills","CA",90210,"This is my comment",6/4/2014 12:55
"example@example.com","Joe","Smith","66 Oak Road","Beverly Hills","CA",90210,"This is my comment",6/4/2014 12:55
"example@example.com","Joe","Smith","66 Oak Road","Beverly Hills","CA",90210,"This is my comment",6/4/2014 12:55
"example@example.com","Joe","Smith","66 Oak Road","Beverly Hills","CA",90210,"This is my comment",6/4/2014 12:55
"example@example.com","Joe","Smith","66 Oak Road","Beverly Hills","CA",90210,"This is my comment",6/4/2014 12:55
"example@example.com","Joe","Smith","66 Oak Road","Beverly Hills","CA",90210,"This is my comment",6/4/2014 12:55
"example@example.com","Joe","Smith","66 Oak Road","Beverly Hills","CA",90210,"This is my comment",6/4/2014 12:55
"example@example.com","Joe","Smith","66 Oak Road","Beverly Hills","CA",90210,"This is my comment",6/4/2014 12:55
"example@example.com","Joe","Smith","66 Oak Road","Beverly Hills","CA",90210,"This is my comment",6/4/2014 12:55
"example@example.com","Joe","Smith","66 Oak Road","Beverly Hills","CA",90210,"This is my comment",6/4/2014 12:55
"example@example.com","Joe","Smith","66 Oak Road","Beverly Hills","CA",90210,"This is my comment",6/4/2014 12:55
"example@example.com","Joe","Smith","66 Oak Road","Beverly Hills","CA",90210,"This is my comment",6/4/2014 12:55
"example@example.com","Joe","Smith","66 Oak Road","Beverly Hills","CA",90210,"This is my comment",6/4/2014 12:55
"example@example.com","Joe","Smith","66 Oak Road","Beverly Hills","CA",90210,"This is my comment",6/4/2014 12:55
"example@example.com","Joe","Smith","66 Oak Road","Beverly Hills","CA",90210,"This is my comment",6/4/2014 12:55
"example@example.com","Joe","Smith","66 Oak Road","Beverly Hills","CA",90210,"This is my comment",6/4/2014 12:55
"example@example.com","Joe","Smith","66 Oak Road","Beverly Hills","CA",90210,"This is my comment",6/4/2014 12:55
"example@example.com","Joe","Smith","66 Oak Road","Beverly Hills","CA",90210,"This is my comment",6/4/2014 12:55
"example@example.com","Joe","Smith","66 Oak Road","Beverly Hills","CA",90210,"This is my comment",6/4/2014 12:55
"example@example.com","Joe","Smith","66 Oak Road","Beverly Hills","CA",90210,"This is my comment",6/4/2014 12:55
"example@example.com","Joe","Smith","66 Oak Road","Beverly Hills","CA",90210,"This is my comment",6/4/2014 12:55
"example@example.com","Joe","Smith","66 Oak Road","Beverly Hills","CA",90210,"This is my comment",6/4/2014 12:55
"example@example.com","Joe","Smith","66 Oak Road","Beverly Hills","CA",90210,"This is my comment",6/4/2014 12:55
"example@example.com","Joe","Smith","66 Oak Road","Beverly Hills","CA",90210,"This is my comment",6/4/2014 12:55
"example@example.com","Joe","Smith","66 Oak Road","Beverly Hills","CA",90210,"This is my comment",6/4/2014 12:55
"example@example.com","Joe","Smith","66 Oak Road","Beverly Hills","CA",90210,"This is my comment",6/4/2014 12:55
"example@example.com","Joe","Smith","66 Oak Road","Beverly Hills","CA",90210,"This is my comment",6/4/2014 12:55
"example@example.com","Joe","Smith","66 Oak Road","Beverly Hills","CA",90210,"This is my comment",6/4/2014 12:55
"example@example.com","Joe","Smith","66 Oak Road","Beverly Hills","CA",90210,"This is my comment",6/4/2014 12:55
"example@example.com","Joe","Smith","66 Oak Road","Beverly Hills","CA",90210,"This is my comment",6/4/2014 12:55
"example@example.com","Joe","Smith","66 Oak Road","Beverly Hills","CA",90210,"This is my comment",6/4/2014 12:55
"example@example.com","Joe","Smith","66 Oak Road","Beverly Hills","CA",90210,"This is my comment",6/4/2014 12:55
"example@example.com","Joe","Smith","66 Oak Road","Beverly Hills","CA",90210,"This is my comment",6/4/2014 12:55
"example@example.com","Joe","Smith","66 Oak Road","Beverly Hills","CA",90210,"This is my comment",6/4/2014 12:55
"example@example.com","Joe","Smith","66 Oak Road","Beverly Hills","CA",90210,"This is my comment",6/4/2014 12:55
"example@example.com","Joe","Smith","66 Oak Road","Beverly Hills","CA",90210,"This is my comment",6/4/2014 12:55
"example@example.com","Joe","Smith","66 Oak Road","Beverly Hills","CA",90210,"This is my comment",6/4/2014 12:55
"example@example.com","Joe","Smith","66 Oak Road","Beverly Hills","CA",90210,"This is my comment",6/4/2014 12:55
"example@example.com","Joe","Smith","66 Oak Road","Beverly Hills","CA",90210,"This is my comment",6/4/2014 12:55
"example@example.com","Joe","Smith","66 Oak Road","Beverly Hills","CA",90210,"This is my comment",6/4/2014 12:55
"example@example.com","Joe","Smith","66 Oak Road","Beverly Hills","CA",90210,"This is my comment",6/4/2014 12:55
"example@example.com","Joe","Smith","66 Oak Road","Beverly Hills","CA",90210,"This is my comment",6/4/2014 12:55
"example@example.com","Joe","Smith","66 Oak Road","Beverly Hills","CA",90210,"This is my comment",6/4/2014 12:55
"example@example.com","Joe","Smith","66 Oak Road","Beverly Hills","CA",90210,"This is my comment",6/4/2014 12:55
"example@example.com","Joe","Smith","66 Oak Road","Beverly Hills","CA",90210,"This is my comment",6/4/2014 12:55
"example@example.com","Joe","Smith","66 Oak Road","Beverly Hills","CA",90210,"This is my comment",6/4/2014 12:55
"example@example.com","Joe","Smith","66 Oak Road","Beverly Hills","CA",90210,"This is my comment",6/4/2014 12:55
"example@example.com","Joe","Smith","66 Oak Road","Beverly Hills","CA",90210,"This is my comment",6/4/2014 12:55
"example@example.com","Joe","Smith","66 Oak Road","Beverly Hills","CA",90210,"This is my comment",6/4/2014 12:55
"example@example.com","Joe","Smith","66 Oak Road","Beverly Hills","CA",90210,"This is my comment",6/4/2014 12:55
"example@example.com","Joe","Smith","66 Oak Road","Beverly Hills","CA",90210,"This is my comment",6/4/2014 12:55
"example@example.com","Joe","Smith","66 Oak Road","Beverly Hills","CA",90210,"This is my comment",6/4/2014 12:55
"example@example.com","Joe","Smith","66 Oak Road","Beverly Hills","CA",90210,"This is my comment",6/4/2014 12:55
"example@example.com","Joe","Smith","66 Oak Road","Beverly Hills","CA",90210,"This is my comment",6/4/2014 12:55
"example@example.com","Joe","Smith","66 Oak Road","Beverly Hills","CA",90210,"This is my comment",6/4/2014 12:55
"example@example.com","Joe","Smith","66 Oak Road","Beverly Hills","CA",90210,"This is my comment",6/4/2014 12:55
"example@example.com","Joe","Smith","66 Oak Road","Beverly Hills","CA",90210,"This is my comment",6/4/2014 12:55
"example@example.com","Joe","Smith","66 Oak Road","Beverly Hills","CA",90210,"This is my comment",6/4/2014 12:55
"example@example.com","Joe","Smith","66 Oak Road","Beverly Hills","CA",90210,"This is my comment",6/4/2014 12:55
"example@example.com","Joe","Smith","66 Oak Road","Beverly Hills","CA",90210,"This is my comment",6/4/2014 12:55
"example@example.com","Joe","Smith","66 Oak Road","Beverly Hills","CA",90210,"This is my comment",6/4/2014 12:55
"example@example.com","Joe","Smith","66 Oak Road","Beverly Hills","CA",90210,"This is my comment",6/4/2014 12:55
"example@example.com","Joe","Smith","66 Oak Road","Beverly Hills","CA",90210,"This is my comment",6/4/2014 12:55
"example@example.com","Joe","Smith","66 Oak Road","Beverly Hills","CA",90210,"This is my comment",6/4/2014 12:55
"example@example.com","Joe","Smith","66 Oak Road","Beverly Hills","CA",90210,"This is my comment",6/4/2014 12:55
"example@example.com","Joe","Smith","66 Oak Road","Beverly Hills","CA",90210,"This is my comment",6/4/2014 12:55
"example@example.com","Joe","Smith","66 Oak Road","Beverly Hills","CA",90210,"This is my comment",6/4/2014 12:55
"example@example.com","Joe","Smith","66 Oak Road","Beverly Hills","CA",90210,"This is my comment",6/4/2014 12:55
"example@example.com","Joe","Smith","66 Oak Road","Beverly Hills","CA",90210,"This is my comment",6/4/2014 12:55
"example@example.com","Joe","Smith","66 Oak Road","Beverly Hills","CA",90210,"This is my comment",6/4/2014 12:55
"example@example.com","Joe","Smith","66 Oak Road","Beverly Hills","CA",90210,"This is my comment",6/4/2014 12:55
"example@example.com","Joe","Smith","66 Oak Road","Beverly Hills","CA",90210,"This is my comment",6/4/2014 12:55
"example@example.com","Joe","Smith","66 Oak Road","Beverly Hills","CA",90210,"This is my comment",6/4/2014 12:55
"example@example.com","Joe","Smith","66 Oak Road","Beverly Hills","CA",90210,"This is my comment",6/4/2014 12:55
"example@example.com","Joe","Smith","66 Oak Road","Beverly Hills","CA",90210,"This is my comment",6/4/2014 12:55
"example@example.com","Joe","Smith","66 Oak Road","Beverly Hills","CA",90210,"This is my comment",6/4/2014 12:55
"example@example.com","Joe","Smith","66 Oak Road","Beverly Hills","CA",90210,"This is my comment",6/4/2014 12:55
"example@example.com","Joe","Smith","66 Oak Road","Beverly Hills","CA",90210,"This is my comment",6/4/2014 12:55
"example@example.com","Joe","Smith","66 Oak Road","Beverly Hills","CA",90210,"This is my comment",6/4/2014 12:55
"example@example.com","Joe","Smith","66 Oak Road","Beverly Hills","CA",90210,"This is my comment",6/4/2014 12:55
"example@example.com","Joe","Smith","66 Oak Road","Beverly Hills","CA",90210,"This is my comment",6/4/2014 12:55
"example@example.com","Joe","Smith","66 Oak Road","Beverly Hills","CA",90210,"This is my comment",6/4/2014 12:55
"example@example.com","Joe","Smith","66 Oak Road","Beverly Hills","CA",90210,"This is my comment",6/4/2014 12:55
"example@example.com","Joe","Smith","66 Oak Road","Beverly Hills","CA",90210,"This is my comment",6/4/2014 12:55
"example@example.com","Joe","Smith","66 Oak Road","Beverly Hills","CA",90210,"This is my comment",6/4/2014 12:55
"example@example.com","Joe","Smith","66 Oak Road","Beverly Hills","CA",90210,"This is my comment",6/4/2014 12:55
"example@example.com","Joe","Smith","66 Oak Road","Beverly Hills","CA",90210,"This is my comment",6/4/2014 12:55
"example@example.com","Joe","Smith","66 Oak Road","Beverly Hills","CA",90210,"This is my comment",6/4/2014 12:55
"example@example.com","Joe","Smith","66 Oak Road","Beverly Hills","CA",90210,"This is my comment",6/4/2014 12:55
"example@example.com","Joe","Smith","66 Oak Road","Beverly Hills","CA",90210,"This is my comment",6/4/2014 12:55
"example@example.com","Joe","Smith","66 Oak Road","Beverly Hills","CA",90210,"This is my comment",6/4/2014 12:55
